StatusID,Name (tooltip),,Status,Account,Due Day,APay,Amount,Category,Notes,
,Rent,Rnt,Paid,Checking,1,n,"$1,200.00",Housing,Example entry — illustrative data only,
,Electric,Elc,Paid,Checking,15,y,$110.00,Utilities,Example entry — illustrative data only,
,Internet,Net,Unpaid,Checking,20,n,$65.00,Utilities,Example entry — illustrative data only,
,Phone,Phn,Paid,Checking,10,y,$45.00,Utilities,Example entry — illustrative data only,
,Streaming,Stm,Unpaid,Checking,5,n,$15.00,Entertainment,Example entry — illustrative data only,
,Groceries,Gro,Paid,Checking,Check,n,$400.00,Food,Example entry — illustrative data only,
,Insurance,Ins,Paid,Checking,15,y,$200.00,Insurance,Example entry — illustrative data only,
,Car Loan,Car,Paid,Checking,28,y,$350.00,Bucket,Example entry — illustrative data only,
,Gym,Gym,Unpaid,Checking,3,n,$25.00,Health,Example entry — illustrative data only,
,Water,Wat,Paid,Checking,22,y,$40.00,Utilities,Example entry — illustrative data only,
,*,*,,,,,,,,
,*,*,,,,,,,,
,*,*,,,,,,,,
,*,*,,,,,,,,
,*,*,,,,,,,,
,*,*,,,,,,,,
,*,*,,,,,,,,
,*,*,,,,,,,,
,*,*,,,,,,,,
,*,*,,,,,,,,
,*,*,,,,,,,,
,*,*,,,,,,,,
,*,*,,,,,,,,
,*,*,,,,,,,,
,*,*,,,,,,,,
